{
    "epoch": 5.0,
    "eval_accuracy": 0.9849624060150376,
    "eval_loss": 0.05899235978722572,
    "eval_runtime": 1.3085,
    "eval_samples_per_second": 101.644,
    "eval_steps_per_second": 12.992
}